{
 "config": {
  "dim": 32,
  "seq_len": 8,
  "rank_bound_B": 29
 },
 "main_run": {
  "after_v": [
   0.007971459195710868,
   0.007579085803383476,
   0.0057356242395044015,
   0.0003845768892797844,
   3.4190044268671216e-06,
   2.802884696210952e-08,
   1.9431653650364667e-10,
   1.5262316546603257e-12,
   1.484636763501095e-14,
   1.2455375489972815e-16
  ],
  "after_a": [
   0.007683645132491413,
   0.007079912422643551,
   0.0023157797850560007,
   2.5493878233780087e-05,
   2.0814875071918025e-07,
   1.5260028346800567e-09,
   1.181920081855617e-11,
   1.0646052930196788e-13,
   9.219991342608355e-16,
   8.595390637396032e-18
  ],
  "dist": [
   10.848692609066768,
   9.460760559201578,
   4.286865174344253,
   0.44809276450206065,
   0.04013221523582066,
   0.00344296826007824,
   0.0003063720371653704,
   2.9053703114330218e-05,
   2.7118475833123505e-06,
   2.5288109106536417e-07
  ],
  "ortho": [
   3.419759241781445e-10,
   1.687867448823405e-13,
   4.202261777981517e-14,
   1.44956517420079e-14,
   1.6109617845739408e-14,
   1.7405323705149644e-14,
   1.4750537935357656e-14,
   1.686140825419848e-14,
   1.5039953826198857e-14,
   1.4930598199051706e-14
  ],
  "alt_seconds": [
   0.3670659065246582,
   0.3313107490539551,
   0.3258659839630127,
   0.33966684341430664,
   0.3275291919708252,
   0.32695603370666504,
   0.33926820755004883,
   0.34926795959472656,
   0.3343079090118408,
   0.34333014488220215
  ],
  "init_loss": 0.008692695284588145,
  "init_dist": 11.222745057758399
 },
 "det_info": {
  "teacher": {
   "W_q": 1.0,
   "W_k": 1.0,
   "W_v": -1.0
  },
  "student_init": {
   "W_q": 1.0,
   "W_k": -1.0,
   "W_v": -1.0
  },
  "student_final": {
   "W_q": -1.0,
   "W_k": -1.0,
   "W_v": -1.0
  },
  "det_A_teacher": 1.0,
  "det_A_init": -1.0,
  "det_A_final": 1.0
 },
 "seed_43": {
  "after_a": [
   0.007590209407564032,
   0.004209800943895502,
   7.956100987542789e-05,
   6.433872694480468e-07,
   5.493350984458326e-09,
   4.501332948682605e-11,
   3.5826562909153707e-13,
   3.3360632564848384e-15,
   2.795199836957535e-17,
   2.8517938454348206e-19
  ]
 },
 "seed_44": {
  "after_a": [
   0.0076599291496004095,
   0.006308413480551226,
   0.0005433961202482951,
   3.579760187122701e-06,
   3.146503768148771e-08,
   2.2534770850477484e-10,
   1.7240326105266913e-12,
   1.4343908298569958e-14,
   1.2694246604078228e-16,
   1.0305096814789783e-18
  ]
 },
 "batch_ablation": [
  {
   "B": 8,
   "rank_phi": 288,
   "rank_bound": 288,
   "alt_to_1e-12": null,
   "final_loss": 0.008209572047130445
  },
  {
   "B": 16,
   "rank_phi": 576,
   "rank_bound": 576,
   "alt_to_1e-12": null,
   "final_loss": 0.002494061241606258
  },
  {
   "B": 24,
   "rank_phi": 864,
   "rank_bound": 864,
   "alt_to_1e-12": null,
   "final_loss": 0.00034449206210920543
  },
  {
   "B": 28,
   "rank_phi": 1008,
   "rank_bound": 1008,
   "alt_to_1e-12": null,
   "final_loss": 0.008460846471331145
  },
  {
   "B": 29,
   "rank_phi": 1024,
   "rank_bound": 1044,
   "alt_to_1e-12": null,
   "final_loss": 0.008261534239687923
  },
  {
   "B": 32,
   "rank_phi": 1024,
   "rank_bound": 1152,
   "alt_to_1e-12": 17,
   "final_loss": 1.6655829332486236e-18
  },
  {
   "B": 40,
   "rank_phi": 1024,
   "rank_bound": 1440,
   "alt_to_1e-12": 13,
   "final_loss": 9.456131825186758e-19
  },
  {
   "B": 48,
   "rank_phi": 1024,
   "rank_bound": 1728,
   "alt_to_1e-12": 11,
   "final_loss": 4.74730628584712e-18
  },
  {
   "B": 64,
   "rank_phi": 1024,
   "rank_bound": 2304,
   "alt_to_1e-12": 8,
   "final_loss": 8.595390635830958e-18
  },
  {
   "B": 96,
   "rank_phi": 1024,
   "rank_bound": 3456,
   "alt_to_1e-12": 10,
   "final_loss": 2.5504756135407484e-19
  }
 ],
 "noise": [
  {
   "sigma": 1e-08,
   "final_loss": 8.879583660528136e-18,
   "min_loss": 7.684565245300386e-18
  },
  {
   "sigma": 1e-06,
   "final_loss": 8.879583471244769e-14,
   "min_loss": 7.68456869358337e-14
  },
  {
   "sigma": 0.0001,
   "final_loss": 8.87955807844926e-10,
   "min_loss": 7.684908097797474e-10
  },
  {
   "sigma": 0.01,
   "final_loss": 8.876433952838656e-06,
   "min_loss": 7.721739991806598e-06
  }
 ]
}