{
 "config": {
  "dim": 32,
  "seq_len": 8,
  "rank_bound_B": 29
 },
 "main_run": {
  "after_v": [
   0.007971459195710868,
   0.007579085803383014,
   0.005735624239503807,
   0.0003845768892795808,
   3.4190044268652556e-06,
   2.8028846962087262e-08,
   1.943165365032931e-10,
   1.5262316546772647e-12,
   1.4846367635864276e-14,
   1.2455375497606245e-16
  ],
  "after_a": [
   0.0076836451324909785,
   0.0070799124226432995,
   0.0023157797850552444,
   2.549387823376679e-05,
   2.0814875071906478e-07,
   1.5260028346783879e-09,
   1.1819200818569014e-11,
   1.0646052930365486e-13,
   9.219991344623459e-16,
   8.595390623471261e-18
  ],
  "dist": [
   10.848692609066612,
   9.46076055920118,
   4.286865174343534,
   0.4480927645019496,
   0.040132215235997706,
   0.00344296826007824,
   0.000306372048761447,
   2.9053458551451775e-05,
   2.7118475833123505e-06,
   2.5288109106536417e-07
  ],
  "ortho": [
   3.419759241781445e-10,
   1.3374557915746038e-13,
   4.765602514486489e-14,
   1.560100256052475e-14,
   1.6624866754756347e-14,
   1.5985330942176465e-14,
   1.695201789496407e-14,
   1.8480933074441714e-14,
   1.57061738550813e-14,
   1.7092243819282584e-14
  ],
  "alt_seconds": [
   0.3549790382385254,
   0.3401808738708496,
   0.34771013259887695,
   0.34477806091308594,
   0.3373911380767822,
   0.34287285804748535,
   0.3263208866119385,
   0.32481813430786133,
   0.33007097244262695,
   0.32756519317626953
  ],
  "init_loss": 0.008692695284588145,
  "init_dist": 11.222745057758399
 },
 "det_info": {
  "teacher": {
   "W_q": 1.0,
   "W_k": 1.0,
   "W_v": -1.0
  },
  "student_init": {
   "W_q": 1.0,
   "W_k": -1.0,
   "W_v": -1.0
  },
  "student_final": {
   "W_q": -1.0,
   "W_k": -1.0,
   "W_v": -1.0
  },
  "det_A_teacher": 1.0,
  "det_A_init": -1.0,
  "det_A_final": 1.0
 },
 "seed_43": {
  "after_a": [
   0.007590209407564032,
   0.004209800943895502,
   7.956100987542789e-05,
   6.433872694480468e-07,
   5.493350984458326e-09,
   4.501332948682605e-11,
   3.5826562909153707e-13,
   3.3360632564848384e-15,
   2.795199836957535e-17,
   2.8517938454348206e-19
  ]
 },
 "seed_44": {
  "after_a": [
   0.0076599291496004095,
   0.006308413480551226,
   0.0005433961202482951,
   3.579760187122701e-06,
   3.146503768148771e-08,
   2.2534770850477484e-10,
   1.7240326105266913e-12,
   1.4343908298569958e-14,
   1.2694246604078228e-16,
   1.0305096814789783e-18
  ]
 },
 "batch_ablation": [
  {
   "B": 8,
   "rank_phi": 288,
   "rank_bound": 288,
   "alt_to_1e-12": null,
   "final_loss": 0.00854982282038316
  },
  {
   "B": 16,
   "rank_phi": 576,
   "rank_bound": 576,
   "alt_to_1e-12": null,
   "final_loss": 0.002494061241606258
  },
  {
   "B": 24,
   "rank_phi": 864,
   "rank_bound": 864,
   "alt_to_1e-12": null,
   "final_loss": 0.00034449206210920543
  },
  {
   "B": 28,
   "rank_phi": 1008,
   "rank_bound": 1008,
   "alt_to_1e-12": null,
   "final_loss": 0.008460846471331145
  },
  {
   "B": 29,
   "rank_phi": 1024,
   "rank_bound": 1044,
   "alt_to_1e-12": null,
   "final_loss": 0.008261534239687923
  },
  {
   "B": 32,
   "rank_phi": 1024,
   "rank_bound": 1152,
   "alt_to_1e-12": 17,
   "final_loss": 1.6655829332486236e-18
  },
  {
   "B": 40,
   "rank_phi": 1024,
   "rank_bound": 1440,
   "alt_to_1e-12": 13,
   "final_loss": 9.456131825186758e-19
  },
  {
   "B": 48,
   "rank_phi": 1024,
   "rank_bound": 1728,
   "alt_to_1e-12": 11,
   "final_loss": 4.74730628584712e-18
  },
  {
   "B": 64,
   "rank_phi": 1024,
   "rank_bound": 2304,
   "alt_to_1e-12": 8,
   "final_loss": 8.595390635830958e-18
  },
  {
   "B": 96,
   "rank_phi": 1024,
   "rank_bound": 3456,
   "alt_to_1e-12": 10,
   "final_loss": 2.5504756135407484e-19
  }
 ],
 "noise": [
  {
   "sigma": 1e-08,
   "final_loss": 8.879583702632949e-18,
   "min_loss": 7.684565297353806e-18
  },
  {
   "sigma": 1e-06,
   "final_loss": 8.879583471244769e-14,
   "min_loss": 7.68456869358337e-14
  },
  {
   "sigma": 0.0001,
   "final_loss": 8.87955807844926e-10,
   "min_loss": 7.684908097797474e-10
  },
  {
   "sigma": 0.01,
   "final_loss": 8.876433952838656e-06,
   "min_loss": 7.721739991806598e-06
  }
 ]
}